"code","name","GVA","rank","GVA2020"
"E06000001","Hartlepool",31.85,0.355371900826446,-500
"E06000002","Middlesbrough",30.96,0.296143250688705,-500
"E06000003","Redcar and Cleveland",28.14,0.101928374655647,-500
"E06000004","Stockton-on-Tees",38.36,0.764462809917355,-500
"E06000005","Darlington",31.87,0.363636363636364,-500
"E06000006","Halton",40.56,0.826446280991736,-500
"E06000007","Warrington",34.42,0.550964187327824,-500
"E06000008","Blackburn with Darwen",28.71,0.134986225895317,-500
"E06000009","Blackpool",28.59,0.129476584022039,-500
"E06000010","Kingston upon Hull, City of",30.24,0.231404958677686,-500
"E06000011","East Riding of Yorkshire",33.69,0.487603305785124,-500
"E06000012","North East Lincolnshire",29.22,0.170798898071625,-500
"E06000013","North Lincolnshire",35.3,0.59504132231405,-500
"E06000014","York",35.73,0.617079889807163,-500
"E06000015","Derby",33.51,0.462809917355372,-500
"E06000016","Leicester",33.97,0.512396694214876,-500
"E06000017","Rutland",30.35,0.242424242424242,-500
"E06000018","Nottingham",32.77,0.431129476584022,-500
"E06000019","Herefordshire, County of",25.7,0.0220385674931129,-500
"E06000020","Telford and Wrekin",32.11,0.380165289256198,-500
"E06000021","Stoke-on-Trent",31.25,0.326446280991736,-500
"E06000022","Bath and North East Somerset",28.76,0.137741046831956,-500
"E06000023","Bristol, City of",33.6,0.466942148760331,-500
"E06000024","North Somerset",31.35,0.330578512396694,-500
"E06000025","South Gloucestershire",49.04,0.928374655647383,-500
"E06000026","Plymouth",31.25,0.326446280991736,-500
"E06000027","Torbay",26.09,0.0247933884297521,-500
"E06000030","Swindon",50.77,0.942148760330578,-500
"E06000031","Peterborough",35.66,0.611570247933884,-500
"E06000032","Luton",35.96,0.639118457300275,-500
"E06000033","Southend-on-Sea",27.2,0.0633608815426997,-500
"E06000034","Thurrock",37.85,0.730027548209366,-500
"E06000035","Medway",38.59,0.779614325068871,-500
"E06000036","Bracknell Forest",48.27,0.922865013774105,-500
"E06000037","West Berkshire",48.38,0.925619834710744,-500
"E06000038","Reading",43.68,0.884297520661157,-500
"E06000039","Slough",60.34,0.980716253443526,-500
"E06000040","Windsor and Maidenhead",53.16,0.96969696969697,-500
"E06000041","Wokingham",56.38,0.972451790633609,-500
"E06000042","Milton Keynes",45.95,0.900826446280992,-500
"E06000043","Brighton and Hove",37.92,0.741046831955923,-500
"E06000044","Portsmouth",36.91,0.699724517906336,-500
"E06000045","Southampton",40.04,0.81267217630854,-500
"E06000046","Isle of Wight",31.86,0.358126721763085,-500
"E06000047","County Durham",30.5,0.253443526170799,-500
"E06000049","Cheshire East",43.56,0.881542699724518,-500
"E06000050","Cheshire West and Chester",39.14,0.793388429752066,-500
"E06000051","Shropshire",28.36,0.115702479338843,-500
"E06000052","Cornwall",28.83,0.141873278236915,-500
"E06000053","Isles of Scilly",42.42,0.859504132231405,-500
"E06000054","Wiltshire",31.54,0.338842975206612,-500
"E06000055","Bedford",31.74,0.347107438016529,-500
"E06000056","Central Bedfordshire",34.02,0.517906336088154,-500
"E06000057","Northumberland",29.07,0.162534435261708,-500
"E06000058","Bournemouth, Christchurch and Poole",34.13,0.523415977961432,-500
"E06000059","Dorset",31.9,0.369146005509642,-500
"E06000060","Buckinghamshire",37.9,0.736914600550964,-500
"E06000061","North Northamptonshire",27.84,0.0840220385674931,-500
"E06000062","West Northamptonshire",33.87,0.50137741046832,-500
"E07000008","Cambridge",34.82,0.573002754820937,-500
"E07000009","East Cambridgeshire",33.09,0.447658402203857,-500
"E07000010","Fenland",27.68,0.0743801652892562,-500
"E07000011","Huntingdonshire",36.21,0.652892561983471,-500
"E07000012","South Cambridgeshire",36.64,0.683195592286501,-500
"E07000026","Allerdale",27.34,0.0716253443526171,-500
"E07000027","Barrow-in-Furness",40.79,0.834710743801653,-500
"E07000028","Carlisle",31.56,0.341597796143251,-500
"E07000029","Copeland",26.96,0.0509641873278237,-500
"E07000030","Eden",30.67,0.272727272727273,-500
"E07000031","South Lakeland",29.04,0.15702479338843,-500
"E07000032","Amber Valley",34.24,0.537190082644628,-500
"E07000033","Bolsover",42.03,0.856749311294766,-500
"E07000034","Chesterfield",30.25,0.236914600550964,-500
"E07000035","Derbyshire Dales",25.33,0.0137741046831956,-500
"E07000036","Erewash",27.13,0.0606060606060606,-500
"E07000037","High Peak",26.15,0.0275482093663912,-500
"E07000038","North East Derbyshire",31.41,0.333333333333333,-500
"E07000039","South Derbyshire",58.74,0.977961432506887,-500
"E07000040","East Devon",33.61,0.471074380165289,-500
"E07000041","Exeter",36.25,0.65564738292011,-500
"E07000042","Mid Devon",28.44,0.126721763085399,-500
"E07000043","North Devon",30.09,0.216253443526171,-500
"E07000044","South Hams",30.78,0.28099173553719,-500
"E07000045","Teignbridge",28.34,0.112947658402204,-500
"E07000046","Torridge",24.34,0.00826446280991736,-500
"E07000047","West Devon",26.16,0.0303030303030303,-500
"E07000061","Eastbourne",30.37,0.246556473829201,-500
"E07000062","Hastings",29.13,0.168044077134986,-500
"E07000063","Lewes",30.6,0.267217630853994,-500
"E07000064","Rother",27.94,0.0909090909090909,-500
"E07000065","Wealden",29.05,0.159779614325069,-500
"E07000066","Basildon",39.77,0.809917355371901,-500
"E07000067","Braintree",38.1,0.745179063360882,-500
"E07000068","Brentwood",52.3,0.961432506887052,-500
"E07000069","Castle Point",25.1,0.0110192837465565,-500
"E07000070","Chelmsford",35.79,0.619834710743802,-500
"E07000071","Colchester",34.68,0.567493112947658,-500
"E07000072","Epping Forest",41.74,0.853994490358127,-500
"E07000073","Harlow",34.18,0.526170798898072,-500
"E07000074","Maldon",29.84,0.203856749311295,-500
"E07000075","Rochford",30.3,0.239669421487603,-500
"E07000076","Tendring",28.4,0.118457300275482,-500
"E07000077","Uttlesford",27.81,0.0798898071625344,-500
"E07000078","Cheltenham",32.78,0.435261707988981,-500
"E07000079","Cotswold",47.23,0.914600550964187,-500
"E07000080","Forest of Dean",44.29,0.889807162534435,-500
"E07000081","Gloucester",29.96,0.206611570247934,-500
"E07000082","Stroud",30.87,0.286501377410468,-500
"E07000083","Tewkesbury",36.51,0.666666666666667,-500
"E07000084","Basingstoke and Deane",50.88,0.944903581267218,-500
"E07000085","East Hampshire",34.41,0.548209366391185,-500
"E07000086","Eastleigh",41.43,0.851239669421488,-500
"E07000087","Fareham",37.87,0.732782369146005,-500
"E07000088","Gosport",31.02,0.307162534435262,-500
"E07000089","Hart",52.66,0.966942148760331,-500
"E07000090","Havant",36.66,0.685950413223141,-500
"E07000091","New Forest",40.27,0.820936639118457,-500
"E07000092","Rushmoor",73.95,1,-500
"E07000093","Test Valley",33.6,0.466942148760331,-500
"E07000094","Winchester",39.57,0.801652892561983,-500
"E07000095","Broxbourne",35.61,0.606060606060606,-500
"E07000096","Dacorum",30.99,0.301652892561983,-500
"E07000098","Hertsmere",43.29,0.87465564738292,-500
"E07000099","North Hertfordshire",37.9,0.736914600550964,-500
"E07000102","Three Rivers",60.72,0.983471074380165,-500
"E07000103","Watford",38.6,0.783746556473829,-500
"E07000105","Ashford",29.59,0.190082644628099,-500
"E07000106","Canterbury",28.83,0.141873278236915,-500
"E07000107","Dartford",38.64,0.787878787878788,-500
"E07000108","Dover",41.41,0.848484848484849,-500
"E07000109","Gravesham",36.03,0.644628099173554,-500
"E07000110","Maidstone",33.67,0.484848484848485,-500
"E07000111","Sevenoaks",46.41,0.909090909090909,-500
"E07000112","Folkestone and Hythe",34.22,0.533057851239669,-500
"E07000113","Swale",36.1,0.650137741046832,-500
"E07000114","Thanet",27.84,0.0840220385674931,-500
"E07000115","Tonbridge and Malling",44.37,0.892561983471074,-500
"E07000116","Tunbridge Wells",39.36,0.796143250688705,-500
"E07000117","Burnley",32.02,0.37465564738292,-500
"E07000118","Chorley",30.06,0.212121212121212,-500
"E07000119","Fylde",39.13,0.790633608815427,-500
"E07000120","Hyndburn",27.79,0.0771349862258953,-500
"E07000121","Lancaster",34.3,0.542699724517906,-500
"E07000122","Pendle",29.8,0.198347107438017,-500
"E07000123","Preston",30.37,0.246556473829201,-500
"E07000124","Ribble Valley",35.1,0.586776859504132,-500
"E07000125","Rossendale",27.25,0.0661157024793388,-500
"E07000126","South Ribble",40.64,0.829201101928375,-500
"E07000127","West Lancashire",30.99,0.301652892561983,-500
"E07000128","Wyre",33.75,0.490358126721763,-500
"E07000129","Blaby",38.39,0.772727272727273,-500
"E07000130","Charnwood",33.49,0.460055096418733,-500
"E07000131","Harborough",31.08,0.31129476584022,-500
"E07000132","Hinckley and Bosworth",36.01,0.641873278236915,-500
"E07000133","Melton",37.13,0.707988980716253,-500
"E07000134","North West Leicestershire",33.86,0.49862258953168,-500
"E07000135","Oadby and Wigston",26.88,0.046831955922865,-500
"E07000136","Boston",28.13,0.0991735537190083,-500
"E07000137","East Lindsey",27.06,0.0564738292011019,-500
"E07000138","Lincoln",32.17,0.388429752066116,-500
"E07000139","North Kesteven",34.96,0.578512396694215,-500
"E07000140","South Holland",32.28,0.393939393939394,-500
"E07000141","South Kesteven",29.09,0.165289256198347,-500
"E07000142","West Lindsey",32.55,0.413223140495868,-500
"E07000143","Breckland",30.95,0.292011019283747,-500
"E07000144","Broadland",47.39,0.917355371900826,-500
"E07000145","Great Yarmouth",30.96,0.296143250688705,-500
"E07000146","King's Lynn and West Norfolk",32.46,0.410468319559229,-500
"E07000147","North Norfolk",25.64,0.0165289256198347,-500
"E07000148","Norwich",30.59,0.264462809917355,-500
"E07000149","South Norfolk",31.99,0.371900826446281,-500
"E07000163","Craven",29.02,0.154269972451791,-500
"E07000164","Hambleton",35.27,0.59228650137741,-500
"E07000165","Harrogate",33.95,0.509641873278237,-500
"E07000166","Richmondshire",26.69,0.0440771349862259,-500
"E07000167","Ryedale",33.88,0.504132231404959,-500
"E07000168","Scarborough",28.01,0.09366391184573,-500
"E07000169","Selby",36.48,0.663911845730028,-500
"E07000170","Ashfield",32.72,0.424242424242424,-500
"E07000171","Bassetlaw",26.43,0.0358126721763085,-500
"E07000172","Broxtowe",37.15,0.710743801652893,-500
"E07000173","Gedling",32.62,0.418732782369146,-500
"E07000174","Mansfield",26.59,0.0413223140495868,-500
"E07000175","Newark and Sherwood",28.86,0.146005509641873,-500
"E07000176","Rushcliffe",42.92,0.867768595041322,-500
"E07000177","Cherwell",36.46,0.661157024793388,-500
"E07000178","Oxford",34.01,0.515151515151515,-500
"E07000179","South Oxfordshire",39.68,0.807162534435262,-500
"E07000180","Vale of White Horse",41.21,0.845730027548209,-500
"E07000181","West Oxfordshire",33.9,0.506887052341598,-500
"E07000187","Mendip",28.02,0.0964187327823691,-500
"E07000188","Sedgemoor",30.92,0.289256198347107,-500
"E07000189","South Somerset",33.26,0.451790633608815,-500
"E07000192","Cannock Chase",30.5,0.253443526170799,-500
"E07000193","East Staffordshire",33.83,0.495867768595041,-500
"E07000194","Lichfield",29.79,0.195592286501377,-500
"E07000195","Newcastle-under-Lyme",29.56,0.18732782369146,-500
"E07000196","South Staffordshire",32.33,0.402203856749311,-500
"E07000197","Stafford",31.71,0.34435261707989,-500
"E07000198","Staffordshire Moorlands",27.29,0.068870523415978,-500
"E07000199","Tamworth",31.87,0.363636363636364,-500
"E07000200","Babergh",34.6,0.564738292011019,-500
"E07000202","Ipswich",38.23,0.757575757575758,-500
"E07000203","Mid Suffolk",31.77,0.351239669421488,-500
"E07000207","Elmbridge",68.77,0.994490358126722,-500
"E07000208","Epsom and Ewell",34.5,0.556473829201102,-500
"E07000209","Guildford",39.39,0.798898071625344,-500
"E07000210","Mole Valley",52.43,0.964187327823691,-500
"E07000211","Reigate and Banstead",50.89,0.947658402203857,-500
"E07000212","Runnymede",65.01,0.988980716253444,-500
"E07000213","Spelthorne",47.76,0.920110192837466,-500
"E07000214","Surrey Heath",45.62,0.898071625344353,-500
"E07000215","Tandridge",30.5,0.253443526170799,-500
"E07000216","Waverley",36.67,0.68870523415978,-500
"E07000217","Woking",38.43,0.776859504132231,-500
"E07000218","North Warwickshire",37.82,0.727272727272727,-500
"E07000219","Nuneaton and Bedworth",28.91,0.148760330578512,-500
"E07000220","Rugby",35.43,0.597796143250689,-500
"E07000221","Stratford-on-Avon",40.19,0.818181818181818,-500
"E07000222","Warwick",43.83,0.887052341597796,-500
"E07000223","Adur",30.74,0.275482093663912,-500
"E07000224","Arun",30.86,0.283746556473829,-500
"E07000225","Chichester",32.29,0.396694214876033,-500
"E07000226","Crawley",36.73,0.694214876033058,-500
"E07000227","Horsham",34.57,0.56198347107438,-500
"E07000228","Mid Sussex",34.1,0.520661157024793,-500
"E07000229","Worthing",52.05,0.958677685950413,-500
"E07000234","Bromsgrove",35.49,0.600550964187328,-500
"E07000235","Malvern Hills",34.28,0.539944903581267,-500
"E07000236","Redditch",32.87,0.439393939393939,-500
"E07000237","Worcester",36.56,0.672176308539945,-500
"E07000238","Wychavon",32.09,0.377410468319559,-500
"E07000239","Wyre Forest",23.85,0.00550964187327824,-500
"E07000240","St Albans",34.9,0.575757575757576,-500
"E07000241","Welwyn Hatfield",37.5,0.721763085399449,-500
"E07000242","East Hertfordshire",30.24,0.231404958677686,-500
"E07000243","Stevenage",33.78,0.493112947658402,-500
"E07000244","East Suffolk",33.64,0.479338842975207,-500
"E07000245","West Suffolk",35.87,0.632231404958678,-500
"E07000246","Somerset West and Taunton",27.85,0.0881542699724518,-500
"E08000001","Bolton",31.14,0.316804407713499,-500
"E08000002","Bury",30.55,0.261707988980716,-500
"E08000003","Manchester",36.04,0.647382920110193,-500
"E08000004","Oldham",30.75,0.278236914600551,-500
"E08000005","Rochdale",30.17,0.223140495867769,-500
"E08000006","Salford",38.38,0.768595041322314,-500
"E08000007","Stockport",31.87,0.363636363636364,-500
"E08000008","Tameside",31.09,0.31404958677686,-500
"E08000009","Trafford",38.1,0.745179063360882,-500
"E08000010","Wigan",30.09,0.216253443526171,-500
"E08000011","Knowsley",33.41,0.454545454545455,-500
"E08000012","Liverpool",32.57,0.415977961432507,-500
"E08000013","St. Helens",26.44,0.0385674931129477,-500
"E08000014","Sefton",32.23,0.391184573002755,-500
"E08000015","Wirral",31.5,0.336088154269972,-500
"E08000016","Barnsley",28.15,0.104683195592287,-500
"E08000017","Doncaster",28.43,0.122589531680441,-500
"E08000018","Rotherham",28.3,0.110192837465565,-500
"E08000019","Sheffield",31.77,0.351239669421488,-500
"E08000021","Newcastle upon Tyne",32.87,0.439393939393939,-500
"E08000022","North Tyneside",35.11,0.589531680440771,-500
"E08000023","South Tyneside",28.19,0.107438016528926,-500
"E08000024","Sunderland",38.24,0.760330578512397,-500
"E08000025","Birmingham",32.12,0.382920110192837,-500
"E08000026","Coventry",37.48,0.71900826446281,-500
"E08000027","Dudley",30.66,0.269972451790634,-500
"E08000028","Sandwell",32.76,0.426997245179063,-500
"E08000029","Solihull",46.31,0.903581267217631,-500
"E08000030","Walsall",28.66,0.132231404958678,-500
"E08000031","Wolverhampton",30.24,0.231404958677686,-500
"E08000032","Bradford",29.99,0.209366391184573,-500
"E08000033","Calderdale",35.83,0.62534435261708,-500
"E08000034","Kirklees",29.29,0.176308539944904,-500
"E08000035","Leeds",34.72,0.570247933884298,-500
"E08000036","Wakefield",32.16,0.385674931129477,-500
"E08000037","Gateshead",30.51,0.258953168044077,-500
"E09000001","City of London",70.09,0.997245179063361,-500
"E09000002","Barking and Dagenham",35.92,0.636363636363636,-500
"E09000003","Barnet",40.31,0.823691460055096,-500
"E09000004","Bexley",51.43,0.950413223140496,-500
"E09000005","Brent",40.68,0.831955922865014,-500
"E09000006","Bromley",42.93,0.870523415977961,-500
"E09000007","Camden",51.82,0.955922865013774,-500
"E09000008","Croydon",49.67,0.933884297520661,-500
"E09000009","Ealing",42.62,0.865013774104683,-500
"E09000010","Enfield",43.31,0.878787878787879,-500
"E09000011","Greenwich",38.6,0.783746556473829,-500
"E09000012","Hackney",38.21,0.753443526170799,-500
"E09000013","Hammersmith and Fulham",46.4,0.90633608815427,-500
"E09000014","Haringey",33.09,0.447658402203857,-500
"E09000015","Harrow",41.08,0.840220385674931,-500
"E09000016","Havering",40.94,0.837465564738292,-500
"E09000017","Hillingdon",47.19,0.911845730027548,-500
"E09000018","Hounslow",61.78,0.986225895316804,-500
"E09000019","Islington",51.64,0.953168044077135,-500
"E09000020","Kensington and Chelsea",43.29,0.87465564738292,-500
"E09000021","Kingston upon Thames",39.66,0.804407713498623,-500
"E09000022","Lambeth",49.25,0.931129476584022,-500
"E09000023","Lewisham",31.19,0.322314049586777,-500
"E09000024","Merton",40.18,0.815426997245179,-500
"E09000025","Newham",35.01,0.581267217630854,-500
"E09000026","Redbridge",38.21,0.753443526170799,-500
"E09000027","Richmond upon Thames",50.63,0.939393939393939,-500
"E09000028","Southwark",42.43,0.862258953168044,-500
"E09000029","Sutton",36.59,0.677685950413223,-500
"E09000030","Tower Hamlets",67.6,0.991735537190083,-500
"E09000031","Waltham Forest",35.87,0.632231404958678,-500
"E09000032","Wandsworth",36.52,0.669421487603306,-500
"E09000033","Westminster",58.07,0.975206611570248,-500
"S12000005","Clackmannanshire",50.18,0.9366391184573,-500
"S12000006","Dumfries and Galloway",36.71,0.691460055096419,-500
"S12000008","East Ayrshire",29.55,0.184573002754821,-500
"S12000010","East Lothian",35.82,0.622589531680441,-500
"S12000011","East Renfrewshire",33.46,0.457300275482094,-500
"S12000013","Na h-Eileanan Siar",30.11,0.220385674931129,-500
"S12000014","Falkirk",38.36,0.764462809917355,-500
"S12000017","Highland",35.62,0.608815426997245,-500
"S12000018","Inverclyde",29.34,0.179063360881543,-500
"S12000019","Midlothian",34.52,0.559228650137741,-500
"S12000020","Moray",36.62,0.680440771349862,-500
"S12000021","North Ayrshire",37.34,0.713498622589532,-500
"S12000023","Orkney Islands",34.48,0.553719008264463,-500
"S12000026","Scottish Borders",32.3,0.399449035812672,-500
"S12000027","Shetland Islands",35.56,0.603305785123967,-500
"S12000028","South Ayrshire",33.63,0.476584022038567,-500
"S12000029","South Lanarkshire",35.04,0.584022038567493,-500
"S12000030","Stirling",34.22,0.533057851239669,-500
"S12000033","Aberdeen City",37.02,0.705234159779614,-500
"S12000034","Aberdeenshire",38.39,0.772727272727273,-500
"S12000035","Argyll and Bute",31.17,0.319559228650138,-500
"S12000036","City of Edinburgh",44.68,0.895316804407714,-500
"S12000038","Renfrewshire",34.35,0.545454545454545,-500
"S12000039","West Dunbartonshire",37.67,0.724517906336088,-500
"S12000040","West Lothian",38.15,0.74931129476584,-500
"S12000041","Angus",35.7,0.614325068870523,-500
"S12000042","Dundee City",32.77,0.431129476584022,-500
"S12000045","East Dunbartonshire",33.62,0.473829201101928,-500
"S12000047","Fife",36.82,0.696969696969697,-500
"S12000048","Perth and Kinross",41.09,0.84297520661157,-500
"S12000049","Glasgow City",34.2,0.528925619834711,-500
"S12000050","North Lanarkshire",37.47,0.716253443526171,-500
"W06000001","Isle of Anglesey",29.45,0.181818181818182,-500
"W06000002","Gwynedd",26.36,0.0330578512396694,-500
"W06000003","Conwy",25.69,0.0192837465564738,-500
"W06000004","Denbighshire",27.06,0.0564738292011019,-500
"W06000005","Flintshire",37,0.702479338842975,-500
"W06000006","Wrexham",33.66,0.482093663911846,-500
"W06000008","Ceredigion",26.96,0.0509641873278237,-500
"W06000009","Pembrokeshire",31.02,0.307162534435262,-500
"W06000010","Carmarthenshire",28.43,0.122589531680441,-500
"W06000011","Swansea",32.42,0.40495867768595,-500
"W06000012","Neath Port Talbot",30.21,0.225895316804408,-500
"W06000013","Bridgend",36.58,0.674931129476584,-500
"W06000014","Vale of Glamorgan",29.24,0.173553719008264,-500
"W06000015","Cardiff",35.84,0.628099173553719,-500
"W06000016","Rhondda Cynon Taf",36.39,0.658402203856749,-500
"W06000018","Caerphilly",32.71,0.421487603305785,-500
"W06000019","Blaenau Gwent",29.82,0.201101928374656,-500
"W06000020","Torfaen",29.78,0.192837465564738,-500
"W06000021","Monmouthshire",32.99,0.443526170798898,-500
"W06000022","Newport",32.44,0.40771349862259,-500
"W06000023","Powys",23.13,0.00275482093663912,-500
"W06000024","Merthyr Tydfil",29.01,0.151515151515152,-500
"E01020590","County Durham 015A",-500,0.695681511470985,14.6
"E01020591","County Durham 015B",-500,0.844804318488529,36.68
"E01020592","County Durham 011A",-500,0.0850202429149798,3.23
"E01020593","County Durham 011B",-500,0.874493927125506,48.35
"E01020594","County Durham 013A",-500,0.807017543859649,26.43
"E01020595","County Durham 013B",-500,0.82995951417004,31.93
"E01020596","County Durham 007A",-500,0.149122807017544,4.04
"E01020597","County Durham 007B",-500,0.406207827260459,7.28
"E01020598","County Durham 007C",-500,0.873144399460189,46.67
"E01020599","County Durham 011C",-500,0.0701754385964912,3.03
"E01020600","County Durham 013C",-500,0.198380566801619,4.7
"E01020601","County Durham 011D",-500,0.649122807017544,12.75
"E01020602","County Durham 011E",-500,0.344804318488529,6.43
"E01020603","County Durham 013D",-500,0.390013495276653,7.09
"E01020604","County Durham 019A",-500,0.54251012145749,9.64
"E01020605","County Durham 013E",-500,0.132928475033738,3.89
"E01020606","County Durham 005A",-500,0.0944669365721997,3.4
"E01020607","County Durham 019B",-500,0.631578947368421,12.12
"E01020608","County Durham 015C",-500,0.431174089068826,7.6
"E01020609","County Durham 015D",-500,0.254385964912281,5.34
"E01020610","County Durham 015E",-500,0.147098515519568,4.03
"E01020611","County Durham 007D",-500,0.630229419703104,12.11
"E01020612","County Durham 007E",-500,0.948717948717949,114.65
"E01020613","County Durham 002A",-500,0.512820512820513,8.99
"E01020614","County Durham 002B",-500,0.442645074224022,7.76
"E01020615","County Durham 005B",-500,0.417004048582996,7.41
"E01020616","County Durham 005C",-500,0.695681511470985,14.6
"E01020617","County Durham 005D",-500,0.318488529014845,6.15
"E01020618","County Durham 011F",-500,0.588394062078273,11.05
"E01020619","County Durham 019C",-500,0.283400809716599,5.78
"E01020620","County Durham 019D",-500,0.643724696356275,12.43
"E01020621","County Durham 019E",-500,0.0647773279352227,2.93
"E01020622","County Durham 002C",-500,0.611336032388664,11.69
"E01020623","County Durham 002D",-500,0.0836707152496626,3.2
"E01020624","County Durham 009A",-500,0.399460188933873,7.22
"E01020625","County Durham 009B",-500,0.955465587044534,131.02
"E01020626","County Durham 006A",-500,0.0148448043184885,1.79
"E01020627","County Durham 003A",-500,0.212550607287449,4.89
"E01020628","County Durham 003B",-500,0.733468286099865,17.49
"E01020629","County Durham 003C",-500,0.465587044534413,8.07
"E01020630","County Durham 014A",-500,0.449392712550607,7.94
"E01020631","County Durham 014B",-500,0.242240215924426,5.22
"E01020632","County Durham 010A",-500,0.597165991902834,11.29
"E01020633","County Durham 020A",-500,0.340080971659919,6.37
"E01020634","County Durham 001A",-500,0.898785425101215,60.14
"E01020635","County Durham 001B",-500,0.479082321187584,8.34
"E01020636","County Durham 001C",-500,0.191632928475034,4.59
"E01020637","County Durham 014C",-500,0.653846153846154,12.79
"E01020638","County Durham 006B",-500,0.221997300944669,4.95
"E01020639","County Durham 006C",-500,0.817813765182186,28.41
"E01020640","County Durham 010B",-500,0.828609986504723,31.91
"E01020641","County Durham 010C",-500,0.87719298245614,48.5
"E01020642","County Durham 010D",-500,0.834008097165992,32.6
"E01020643","County Durham 010E",-500,0.862348178137652,41.24
"E01020644","County Durham 014D",-500,0.887989203778678,53.63
"E01020645","County Durham 014E",-500,0.0917678812415655,3.38
"E01020646","County Durham 024A",-500,0.765182186234818,20.55
"E01020647","County Durham 008A",-500,0.112010796221323,3.63
"E01020648","County Durham 008B",-500,0.273954116059379,5.67
"E01020649","County Durham 008C",-500,0.248313090418354,5.28
"E01020650","County Durham 012A",-500,0.789473684210526,23.84
"E01020651","County Durham 012B",-500,0.815114709851552,28.22
"E01020652","County Durham 012C",-500,0.792172739541161,24.09
"E01020653","County Durham 006D",-500,0.291497975708502,5.9
"E01020654","County Durham 001D",-500,0.282051282051282,5.76
"E01020655","County Durham 003D",-500,0.821862348178138,30.06
"E01020656","County Durham 003E",-500,0.228070175438596,5.07
"E01020657","County Durham 003F",-500,0.203103913630229,4.79
"E01020658","County Durham 024B",-500,0.668016194331984,13.13
"E01020659","County Durham 024C",-500,0.425101214574899,7.5
"E01020660","County Durham 024D",-500,0.751686909581646,18.42
"E01020661","County Durham 004A",-500,0.9055330634278,63.89
"E01020662","County Durham 004B",-500,0.650472334682861,12.77
"E01020663","County Durham 004C",-500,0.753036437246964,18.52
"E01020664","County Durham 020B",-500,0.824561403508772,30.74
"E01020665","County Durham 020C",-500,0.701754385964912,15.12
"E01020666","County Durham 020D",-500,0.169365721997301,4.39
"E01020667","County Durham 010F",-500,0.447368421052632,7.88
"E01020668","County Durham 012D",-500,0.410931174089069,7.37
"E01020669","County Durham 012E",-500,0.661943319838057,13
"E01020670","County Durham 009C",-500,0.686909581646424,14.33
"E01020671","County Durham 009D",-500,0.0553306342780027,2.81
"E01020672","County Durham 009E",-500,0.207827260458839,4.83
"E01020673","County Durham 008D",-500,0.503373819163293,8.82
"E01020674","County Durham 004D",-500,0.144399460188934,4
"E01020675","County Durham 008E",-500,0.659919028340081,12.93
"E01020676","County Durham 001E",-500,0.835357624831309,33.53
"E01020677","County Durham 006E",-500,0.315789473684211,6.13
"E01020678","County Durham 004E",-500,0.269905533063428,5.56
"E01020679","County Durham 026A",-500,0.423751686909582,7.49
"E01020680","County Durham 026B",-500,0.897435897435897,58.19
"E01020681","County Durham 026C",-500,0.0269905533063428,2.22
"E01020682","County Durham 028A",-500,0.224021592442645,4.96
"E01020683","County Durham 028B",-500,0.728744939271255,17.05
"E01020684","County Durham 033A",-500,0.97165991902834,215.75
"E01020685","County Durham 038A",-500,0.569500674763833,10.38
"E01020686","County Durham 038B",-500,0.658569500674764,12.9
"E01020687","County Durham 038C",-500,0.129554655870445,3.83
"E01020688","County Durham 038D",-500,0.377867746288799,6.96
"E01020689","County Durham 038E",-500,0.435897435897436,7.64
"E01020690","County Durham 028C",-500,0.967611336032389,168.75
"E01020691","County Durham 028D",-500,0.102564102564103,3.53
"E01020692","County Durham 028E",-500,0.755735492577598,19.35
"E01020693","County Durham 029A",-500,0.940620782726046,101.54
"E01020694","County Durham 041A",-500,0.396761133603239,7.17
"E01020695","County Durham 044A",-500,0.395411605937922,7.16
"E01020696","County Durham 041B",-500,0.700404858299595,14.83
"E01020697","County Durham 041C",-500,0.960863697705803,151.76
"E01020698","County Durham 044B",-500,0.474358974358974,8.26
"E01020699","County Durham 044C",-500,0.394062078272605,7.14
"E01020700","County Durham 044D",-500,0.529014844804318,9.35
"E01020701","County Durham 044E",-500,0.437246963562753,7.66
"E01020702","County Durham 033B",-500,0.989203778677463,379.3
"E01020703","County Durham 030A",-500,0.952091767881242,125.12
"E01020704","County Durham 033C",-500,0.743589743589744,17.98
"E01020705","County Durham 031A",-500,0.483130904183536,8.38
"E01020706","County Durham 031B",-500,0.447368421052632,7.88
"E01020708","County Durham 023A",-500,0.8582995951417,40.1
"E01020709","County Durham 022A",-500,0.958164642375169,143.16
"E01020710","County Durham 023B",-500,0.982456140350877,328.46
"E01020711","County Durham 023C",-500,0.713900134952766,16.16
"E01020712","County Durham 033D",-500,0.754385964912281,18.97
"E01020713","County Durham 033E",-500,0.748313090418354,18.2
"E01020714","County Durham 026D",-500,0.219973009446694,4.94
"E01020715","County Durham 031C",-500,0.539136302294197,9.57
"E01020716","County Durham 026E",-500,0.249662618083671,5.3
"E01020717","County Durham 022B",-500,0.210526315789474,4.87
"E01020718","County Durham 022C",-500,0.499325236167341,8.74
"E01020719","County Durham 022D",-500,0.335357624831309,6.3
"E01020720","County Durham 023D",-500,0.288798920377868,5.84
"E01020721","County Durham 022E",-500,0.186909581646424,4.55
"E01020722","County Durham 029B",-500,0.0904183535762483,3.37
"E01020723","County Durham 029C",-500,0.64642375168691,12.62
"E01020724","County Durham 029D",-500,0.0931174089068826,3.39
"E01020725","County Durham 027A",-500,0.558704453441296,9.98
"E01020726","County Durham 027B",-500,0.487179487179487,8.54
"E01020727","County Durham 027C",-500,0.0998650472334683,3.49
"E01020729","County Durham 027D",-500,0.774628879892038,21.82
"E01020730","County Durham 027E",-500,0.171390013495277,4.41
"E01020731","County Durham 027F",-500,0.461538461538462,8.06
"E01020732","County Durham 041D",-500,0.535762483130904,9.54
"E01020733","County Durham 035A",-500,0.606612685560054,11.65
"E01020734","County Durham 035B",-500,0.599865047233468,11.31
"E01020735","County Durham 035C",-500,0.309041835357625,6.08
"E01020736","County Durham 039A",-500,0.264507422402159,5.52
"E01020737","County Durham 039B",-500,0.532388663967611,9.39
"E01020738","County Durham 039C",-500,0.0404858299595142,2.45
"E01020739","County Durham 039D",-500,0.522267206477733,9.25
"E01020740","County Durham 017A",-500,0.5472334682861,9.84
"E01020741","County Durham 017B",-500,0.597165991902834,11.29
"E01020742","County Durham 017C",-500,0.959514170040486,145.16
"E01020743","County Durham 018A",-500,0.256410256410256,5.35
"E01020744","County Durham 039E",-500,0.497975708502024,8.7
"E01020745","County Durham 032A",-500,0.639001349527665,12.23
"E01020746","County Durham 037A",-500,0.913630229419703,67.01
"E01020747","County Durham 018B",-500,0.50944669365722,8.96
"E01020748","County Durham 018C",-500,0.0303643724696356,2.32
"E01020749","County Durham 018D",-500,0.251012145748988,5.32
"E01020750","County Durham 016A",-500,0.197031039136302,4.68
"E01020751","County Durham 025A",-500,0.519568151147099,9.17
"E01020752","County Durham 025B",-500,0.0715249662618084,3.05
"E01020753","County Durham 032B",-500,0.693657219973009,14.56
"E01020754","County Durham 025C",-500,0.507422402159244,8.93
"E01020756","County Durham 025D",-500,0.84885290148448,37.72
"E01020757","County Durham 032C",-500,0.0067476383265857,1.45
"E01020758","County Durham 032D",-500,0.761133603238866,19.98
"E01020759","County Durham 032E",-500,0.798920377867746,24.87
"E01020760","County Durham 034A",-500,0.633603238866397,12.19
"E01020761","County Durham 034B",-500,0.997300944669366,665.08
"E01020762","County Durham 034C",-500,0.110661268556005,3.62
"E01020763","County Durham 034D",-500,0.327260458839406,6.2
"E01020764","County Durham 036A",-500,0.337381916329285,6.31
"E01020765","County Durham 032F",-500,0.0458839406207827,2.64
"E01020766","County Durham 036B",-500,0.0418353576248313,2.46
"E01020767","County Durham 036C",-500,0.422402159244264,7.48
"E01020768","County Durham 036D",-500,0.132928475033738,3.89
"E01020769","County Durham 037B",-500,0.205802968960864,4.8
"E01020770","County Durham 035D",-500,0.376518218623482,6.93
"E01020771","County Durham 035E",-500,0.606612685560054,11.65
"E01020772","County Durham 043A",-500,0.731443994601889,17.46
"E01020773","County Durham 018E",-500,0.209176788124157,4.86
"E01020775","County Durham 018F",-500,0.217948717948718,4.93
"E01020776","County Durham 021C",-500,0.350202429149798,6.49
"E01020777","County Durham 037C",-500,0.0188933873144399,1.95
"E01020778","County Durham 037D",-500,0.329284750337382,6.22
"E01020779","County Durham 037E",-500,0.688259109311741,14.37
"E01020780","County Durham 035F",-500,0.142375168690958,3.98
"E01020781","County Durham 016B",-500,0.46693657219973,8.08
"E01020782","County Durham 017D",-500,0.453441295546559,7.98
"E01020783","County Durham 017E",-500,0.203103913630229,4.79
"E01020784","County Durham 017F",-500,0.890688259109312,55.21
"E01020786","County Durham 016D",-500,0.875843454790823,48.36
"E01020787","County Durham 016E",-500,0.242240215924426,5.22
"E01020788","County Durham 040A",-500,0.636302294197031,12.22
"E01020789","County Durham 040B",-500,0.134952766531714,3.9
"E01020790","County Durham 040C",-500,0.489878542510121,8.59
"E01020791","County Durham 040D",-500,0.267206477732794,5.53
"E01020792","County Durham 040E",-500,0.636302294197031,12.22
"E01020793","County Durham 043B",-500,0.0728744939271255,3.09
"E01020794","County Durham 043C",-500,0.544534412955466,9.8
"E01020795","County Durham 043D",-500,0.574898785425101,10.6
"E01020796","County Durham 054A",-500,0.468286099865047,8.09
"E01020797","County Durham 050A",-500,0.573549257759784,10.54
"E01020798","County Durham 050B",-500,0.217948717948718,4.93
"E01020799","County Durham 050C",-500,0.623481781376518,11.96
"E01020801","County Durham 059A",-500,0.612685560053981,11.72
"E01020802","County Durham 059B",-500,0.871794871794872,45.63
"E01020803","County Durham 053B",-500,0.935222672064777,88.31
"E01020805","County Durham 053D",-500,0.142375168690958,3.98
"E01020806","County Durham 049A",-500,0.488529014844804,8.55
"E01020807","County Durham 049B",-500,0.342780026990553,6.4
"E01020808","County Durham 050D",-500,0.719298245614035,16.46
"E01020809","County Durham 048A",-500,0.235492577597841,5.17
"E01020810","County Durham 048B",-500,0.431174089068826,7.6
"E01020811","County Durham 048C",-500,0.157894736842105,4.18
"E01020812","County Durham 048D",-500,0.260458839406208,5.49
"E01020813","County Durham 060A",-500,0.366396761133603,6.73
"E01020814","County Durham 060B",-500,0.647773279352227,12.68
"E01020815","County Durham 060C",-500,0.581646423751687,10.9
"E01020816","County Durham 061A",-500,0.0499325236167341,2.71
"E01020817","County Durham 047A",-500,0.0384615384615385,2.44
"E01020818","County Durham 047B",-500,0.101214574898785,3.51
"E01020819","County Durham 047C",-500,0.225371120107962,5.02
"E01020820","County Durham 049C",-500,0.906882591093117,64.09
"E01020821","County Durham 052A",-500,0.322537112010796,6.16
"E01020822","County Durham 052B",-500,0.782726045883941,23.12
"E01020823","County Durham 052C",-500,0.15114709851552,4.06
"E01020824","County Durham 063A",-500,0.568151147098516,10.37
"E01020825","County Durham 062A",-500,0.418353576248313,7.42
"E01020826","County Durham 063B",-500,0.994601889338731,567.82
"E01020827","County Durham 048E",-500,0.43859649122807,7.68
"E01020828","County Durham 054B",-500,0.932523616734143,82.68
"E01020829","County Durham 054C",-500,0.808367071524966,26.77
"E01020830","County Durham 054D",-500,0.786774628879892,23.58
"E01020831","County Durham 062B",-500,0.735492577597841,17.53
"E01020832","County Durham 063C",-500,0.838056680161943,35.01
"E01020833","County Durham 062C",-500,0.733468286099865,17.49
"E01020834","County Durham 062D",-500,0.0215924426450742,2.04
"E01020835","County Durham 052D",-500,0.314439946018893,6.12
"E01020836","County Durham 052E",-500,0.843454790823212,36.51
"E01020837","County Durham 047D",-500,0.058029689608637,2.82
"E01020838","County Durham 059C",-500,0.651821862348178,12.78
"E01020839","County Durham 059D",-500,0.128205128205128,3.81
"E01020840","County Durham 059E",-500,0.878542510121457,50.84
"E01020841","County Durham 059F",-500,0.0816464237516869,3.16
"E01020842","County Durham 049D",-500,0.96221322537112,153.18
"E01020843","County Durham 047E",-500,0.854251012145749,39.17
"E01020844","County Durham 061B",-500,0.10863697705803,3.6
"E01020845","County Durham 063D",-500,0.511470985155196,8.97
"E01020846","County Durham 063E",-500,0.461538461538462,8.06
"E01020847","County Durham 061C",-500,0.00944669365721997,1.6
"E01020848","County Durham 060D",-500,0.153846153846154,4.15
"E01020849","County Durham 061D",-500,0.619433198380567,11.83
"E01020850","County Durham 060E",-500,0.532388663967611,9.39
"E01020851","County Durham 060F",-500,0.292847503373819,5.92
"E01020852","County Durham 066A",-500,0.987179487179487,366.76
"E01020853","County Durham 066B",-500,0.987179487179487,366.76
"E01020854","County Durham 066C",-500,0.847503373819163,37.45
"E01020855","County Durham 066D",-500,0.50944669365722,8.96
"E01020856","County Durham 064A",-500,0.178812415654521,4.49
"E01020857","County Durham 065A",-500,0.657219973009447,12.82
"E01020858","County Durham 064B",-500,0.126180836707152,3.8
"E01020859","County Durham 064C",-500,0.622132253711201,11.9
"E01020860","County Durham 064D",-500,0.426450742240216,7.52
"E01020861","County Durham 064E",-500,0.842105263157895,35.42
"E01020862","County Durham 064F",-500,0.802968960863698,25.32
"E01020863","County Durham 065B",-500,0.795546558704453,24.47
"E01020864","County Durham 064G",-500,0.682860998650472,14.05
"E01020865","County Durham 065C",-500,0.709851551956815,15.97
"E01020866","County Durham 065D",-500,0.680161943319838,13.89
"E01020867","County Durham 064H",-500,0.813765182186235,27.15
"E01020868","County Durham 055A",-500,0.937921727395412,90.52
"E01020869","County Durham 055B",-500,0.48110661268556,8.36
"E01020870","County Durham 056A",-500,0.804318488529015,25.36
"E01020871","County Durham 056B",-500,0.226720647773279,5.05
"E01020872","County Durham 056C",-500,0.923076923076923,77.82
"E01020873","County Durham 051A",-500,0.0816464237516869,3.16
"E01020874","County Durham 055C",-500,0.470985155195682,8.14
"E01020875","County Durham 051B",-500,0.775978407557355,21.86
"E01020876","County Durham 045A",-500,0.264507422402159,5.52
"E01020877","County Durham 046A",-500,0.780026990553306,22.74
"E01020878","County Durham 045B",-500,0.214574898785425,4.91
"E01020879","County Durham 046B",-500,0.790823211875843,23.87
"E01020880","County Durham 055D",-500,0.120782726045884,3.75
"E01020881","County Durham 055E",-500,0.919028340080972,73.47
"E01020882","County Durham 057A",-500,0.556005398110661,9.93
"E01020883","County Durham 056D",-500,0.261808367071525,5.5
"E01020884","County Durham 058A",-500,0.720647773279352,16.48
"E01020885","County Durham 058B",-500,0.477732793522267,8.29
"E01020886","County Durham 056E",-500,0.136302294197031,3.92
"E01020887","County Durham 045C",-500,0.445344129554656,7.8
"E01020888","County Durham 057B",-500,0.453441295546559,7.98
"E01020889","County Durham 042A",-500,0.673414304993252,13.46
"E01020890","County Durham 042B",-500,0.781376518218624,22.92
"E01020891","County Durham 042C",-500,0.715249662618084,16.27
"E01020892","County Durham 045D",-500,0.346828609986505,6.45
"E01020893","County Durham 046C",-500,0.330634278002699,6.25
"E01020894","County Durham 045E",-500,0.201079622132254,4.76
"E01020895","County Durham 057C",-500,0.797570850202429,24.76
"E01020896","County Durham 057D",-500,0.215924426450742,4.92
"E01020897","County Durham 057E",-500,0.925775978407557,78.3
"E01020898","County Durham 045F",-500,0.00809716599190283,1.49
"E01020899","County Durham 046D",-500,0.360998650472335,6.7
"E01020900","County Durham 051C",-500,0.5472334682861,9.84
"E01020901","County Durham 051D",-500,0.699055330634278,14.81
"E01020902","County Durham 051E",-500,0.0236167341430499,2.09
"E01020903","County Durham 046E",-500,0.398110661268556,7.2
"E01020904","County Durham 046F",-500,0.264507422402159,5.52
"E01020905","County Durham 042D",-500,0.628879892037787,12.08
"E01020906","County Durham 042E",-500,0.757085020242915,19.57
"E01020907","County Durham 058C",-500,0.827260458839406,31.67
"E01020908","County Durham 058D",-500,0.726720647773279,16.95
"E01020909","County Durham 058E",-500,0.51417004048583,9.02
"E01033161","County Durham 021D",-500,0.82051282051282,29.82
"E01033163","County Durham 016F",-500,0.62753036437247,12.04
"E01033164","County Durham 030D",-500,0.963562753036437,154.5
"E01033195","County Durham 030E",-500,0.404858299595142,7.27
"E01033197","County Durham 030F",-500,0.94331983805668,108.07
"E01033198","County Durham 021E",-500,0.354251012145749,6.54
"E01033202","County Durham 016G",-500,0.366396761133603,6.73
"E01033203","County Durham 053E",-500,0.254385964912281,5.34
"E01033205","County Durham 021F",-500,0.357624831309042,6.66
"E01033206","County Durham 021G",-500,0.311066126855601,6.1
"E01033221","County Durham 030G",-500,0.952091767881242,125.12
"E01012304","Darlington 012A",-500,0.767881241565452,20.68
"E01012305","Darlington 012B",-500,0.117408906882591,3.72
"E01012306","Darlington 012C",-500,0.388663967611336,7.08
"E01012307","Darlington 009A",-500,0.88663967611336,53.62
"E01012309","Darlington 006A",-500,0.930499325236167,80.65
"E01012310","Darlington 006B",-500,0.40080971659919,7.23
"E01012311","Darlington 006C",-500,0.165991902834008,4.35
"E01012312","Darlington 006D",-500,0.235492577597841,5.17
"E01012313","Darlington 006E",-500,0.930499325236167,80.65
"E01012314","Darlington 006F",-500,0.00404858299595142,1.22
"E01012315","Darlington 010A",-500,0.801619433198381,25.23
"E01012316","Darlington 010B",-500,0.819163292847503,28.87
"E01012317","Darlington 013A",-500,0.0863697705802969,3.28
"E01012318","Darlington 013B",-500,0.164642375168691,4.31
"E01012319","Darlington 013C",-500,0.866396761133603,42.65
"E01012323","Darlington 002C",-500,0.690958164642375,14.5
"E01012324","Darlington 002D",-500,0.37246963562753,6.85
"E01012325","Darlington 005A",-500,0.369770580296896,6.82
"E01012326","Darlington 005B",-500,0.738866396761134,17.57
"E01012327","Darlington 009B",-500,0.57085020242915,10.41
"E01012328","Darlington 003A",-500,0.0890688259109312,3.34
"E01012329","Darlington 003B",-500,0.744939271255061,18.06
"E01012330","Darlington 003C",-500,0.338731443994602,6.34
"E01012331","Darlington 003D",-500,0.298245614035088,5.99
"E01012332","Darlington 005C",-500,0.304993252361673,6.05
"E01012333","Darlington 005D",-500,0.414304993252362,7.39
"E01012334","Darlington 001B",-500,0.927125506072874,79.33
"E01012335","Darlington 001C",-500,0.572199730094467,10.53
"E01012336","Darlington 011A",-500,0.812415654520918,27.13
"E01012337","Darlington 011B",-500,0.703103913630229,15.39
"E01012338","Darlington 015A",-500,0.785425101214575,23.33
"E01012339","Darlington 015B",-500,0.778677462887989,22.14
"E01012340","Darlington 012D",-500,0.705802968960864,15.46
"E01012341","Darlington 012E",-500,0.140350877192982,3.95
"E01012342","Darlington 009C",-500,0.91497975708502,69
"E01012343","Darlington 009D",-500,0.98110661268556,301.87
"E01012344","Darlington 015C",-500,0.493927125506073,8.64
"E01012345","Darlington 015D",-500,0.89608636977058,57.55
"E01012346","Darlington 015E",-500,0.441295546558704,7.75
"E01012347","Darlington 011C",-500,0.352226720647773,6.5
"E01012348","Darlington 011D",-500,0.579622132253711,10.76
"E01012349","Darlington 004A",-500,0.852901484480432,38.96
"E01012350","Darlington 004B",-500,0.184885290148448,4.54
"E01012351","Darlington 004C",-500,0.16059379217274,4.26
"E01012352","Darlington 004D",-500,0.591093117408907,11.13
"E01012353","Darlington 008B",-500,0.0431848852901484,2.47
"E01012354","Darlington 008C",-500,0.882591093117409,52.15
"E01012355","Darlington 008D",-500,0.970310391363023,187.33
"E01012356","Darlington 014A",-500,0.832658569500675,32.32
"E01012357","Darlington 014B",-500,0.609986504723347,11.67
"E01012358","Darlington 014C",-500,0.392037786774629,7.11
"E01012359","Darlington 014D",-500,0.0796221322537112,3.14
"E01012360","Darlington 010C",-500,0.717948717948718,16.39
"E01012361","Darlington 011E",-500,0.603238866396761,11.51
"E01012362","Darlington 007A",-500,0.0958164642375169,3.41
"E01012363","Darlington 007B",-500,0.38191632928475,7.04
"E01012364","Darlington 007C",-500,0.681511470985155,14.01
"E01012365","Darlington 007D",-500,0.60863697705803,11.66
"E01012366","Darlington 001D",-500,0.99055330634278,474.47
"E01032545","Darlington 002E",-500,0.230769230769231,5.11
"E01032546","Darlington 002F",-500,0.678137651821862,13.78
"E01033481","Darlington 001E",-500,0.865047233468286,42.54
"E01033482","Darlington 001F",-500,0.947368421052632,113.82
"E01033483","Darlington 008E",-500,0.954116059379217,126.55
"E01033484","Darlington 008F",-500,0.974358974358974,259.46
"E01011949","Hartlepool 009A",-500,0.565452091767881,10.19
"E01011950","Hartlepool 008A",-500,0.0337381916329285,2.34
"E01011951","Hartlepool 007A",-500,0.183535762483131,4.51
"E01011952","Hartlepool 002A",-500,0.894062078272605,57.36
"E01011953","Hartlepool 002B",-500,0.461538461538462,8.06
"E01011954","Hartlepool 001A",-500,0.537112010796221,9.56
"E01011955","Hartlepool 003A",-500,0.825910931174089,31.59
"E01011957","Hartlepool 003C",-500,0.048582995951417,2.7
"E01011959","Hartlepool 014A",-500,0.788124156545209,23.76
"E01011960","Hartlepool 014B",-500,0.17476383265857,4.48
"E01011961","Hartlepool 012A",-500,0.564102564102564,10.15
"E01011962","Hartlepool 012B",-500,0.364372469635628,6.72
"E01011963","Hartlepool 014C",-500,0.156545209176788,4.17
"E01011964","Hartlepool 007B",-500,0.5944669365722,11.23
"E01011965","Hartlepool 006A",-500,0.777327935222672,22.13
"E01011966","Hartlepool 006B",-500,0.280026990553306,5.73
"E01011967","Hartlepool 007C",-500,0.492577597840756,8.63
"E01011968","Hartlepool 014D",-500,0.855600539811066,39.36
"E01011969","Hartlepool 001B",-500,0.280026990553306,5.73
"E01011970","Hartlepool 001C",-500,0.307692307692308,6.07
"E01011971","Hartlepool 001D",-500,0.192982456140351,4.61
"E01011973","Hartlepool 005A",-500,0.276653171390013,5.71
"E01011974","Hartlepool 005B",-500,0.964912280701754,159.87
"E01011975","Hartlepool 005C",-500,0.0107962213225371,1.62
"E01011976","Hartlepool 005D",-500,0.0283400809716599,2.31
"E01011977","Hartlepool 012C",-500,0.130904183535762,3.85
"E01011978","Hartlepool 012D",-500,0.190283400809717,4.57
"E01011979","Hartlepool 012E",-500,0.0202429149797571,2.02
"E01011980","Hartlepool 009B",-500,0.087719298245614,3.31
"E01011981","Hartlepool 009C",-500,0.692307692307692,14.52
"E01011982","Hartlepool 014E",-500,0.746288798920378,18.18
"E01011983","Hartlepool 006C",-500,0.707152496626181,15.85
"E01011984","Hartlepool 009D",-500,0.0519568151147098,2.73
"E01011985","Hartlepool 010A",-500,0.415654520917679,7.4
"E01011986","Hartlepool 008B",-500,0.116059379217274,3.7
"E01011987","Hartlepool 008C",-500,0.38663967611336,7.07
"E01011988","Hartlepool 010B",-500,0.726720647773279,16.95
"E01011989","Hartlepool 010C",-500,0.936572199730094,90.2
"E01011990","Hartlepool 010D",-500,0.83940620782726,35.23
"E01011991","Hartlepool 002C",-500,0.238866396761134,5.2
"E01011992","Hartlepool 002D",-500,0.869095816464238,44.19
"E01011993","Hartlepool 002E",-500,0.616734143049933,11.75
"E01011994","Hartlepool 002F",-500,0.894062078272605,57.36
"E01011995","Hartlepool 011A",-500,0.12280701754386,3.78
"E01011996","Hartlepool 011B",-500,0.341430499325236,6.39
"E01011997","Hartlepool 011C",-500,0.793522267206478,24.28
"E01011998","Hartlepool 011D",-500,0.983805668016194,359.81
"E01011999","Hartlepool 007D",-500,0.950067476383266,118.8
"E01012000","Hartlepool 007E",-500,0.892037786774629,55.8
"E01012001","Hartlepool 008D",-500,0.910931174089069,66.29
"E01012002","Hartlepool 006D",-500,0.36302294197031,6.71
"E01012003","Hartlepool 014F",-500,0.244264507422402,5.23
"E01012005","Hartlepool 014G",-500,0.285425101214575,5.79
"E01032540","Hartlepool 003G",-500,0.38663967611336,7.07
"E01032541","Hartlepool 003H",-500,0.599865047233468,11.31
"E01033465","Hartlepool 001F",-500,0.661943319838057,13
"E01033466","Hartlepool 003I",-500,0.461538461538462,8.06
"E01033467","Hartlepool 001G",-500,0.557354925775978,9.95
"E01012007","Middlesbrough 012A",-500,0.58502024291498,10.97
"E01012008","Middlesbrough 012B",-500,0.118758434547908,3.74
"E01012009","Middlesbrough 012C",-500,0.795546558704453,24.47
"E01012010","Middlesbrough 012D",-500,0.639001349527665,12.23
"E01012011","Middlesbrough 008A",-500,0.505398110661269,8.84
"E01012012","Middlesbrough 008B",-500,0.182186234817814,4.5
"E01012013","Middlesbrough 008C",-500,0.097165991902834,3.42
"E01012014","Middlesbrough 008D",-500,0.770580296896086,21.18
"E01012015","Middlesbrough 007A",-500,0.0742240215924427,3.1
"E01012016","Middlesbrough 007B",-500,0.759784075573549,19.91
"E01012017","Middlesbrough 007C",-500,0.670715249662618,13.37
"E01012018","Middlesbrough 011A",-500,0.991902834008097,511.7
"E01012019","Middlesbrough 011B",-500,0.322537112010796,6.16
"E01012020","Middlesbrough 011C",-500,0.322537112010796,6.16
"E01012021","Middlesbrough 011D",-500,0.322537112010796,6.16
"E01012022","Middlesbrough 015A",-500,0.515519568151147,9.04
"E01012023","Middlesbrough 015B",-500,0.331983805668016,6.28
"E01012024","Middlesbrough 015C",-500,0.373819163292847,6.88
"E01012025","Middlesbrough 015D",-500,0.178812415654521,4.49
"E01012026","Middlesbrough 006A",-500,0.491228070175439,8.62
"E01012027","Middlesbrough 006B",-500,0.566801619433198,10.26
"E01012030","Middlesbrough 019A",-500,0.885290148448043,53.16
"E01012031","Middlesbrough 019B",-500,0.748313090418354,18.2
"E01012032","Middlesbrough 019C",-500,0.383940620782726,7.06
"E01012033","Middlesbrough 019D",-500,0.502024291497976,8.8
"E01012034","Middlesbrough 019E",-500,0.67476383265857,13.48
"E01012035","Middlesbrough 019F",-500,0.0985155195681511,3.43
"E01012036","Middlesbrough 003A",-500,0.0762483130904184,3.12
"E01012037","Middlesbrough 003B",-500,0.124156545209177,3.79
"E01012038","Middlesbrough 003C",-500,0.00539811066126856,1.34
"E01012039","Middlesbrough 003D",-500,0.577597840755736,10.69
"E01012040","Middlesbrough 003E",-500,0.0384615384615385,2.44
"E01012041","Middlesbrough 003F",-500,0.975708502024291,272.75
"E01012042","Middlesbrough 018A",-500,0.114035087719298,3.67
"E01012043","Middlesbrough 018B",-500,0.335357624831309,6.3
"E01012044","Middlesbrough 018C",-500,0.240215924426451,5.21
"E01012045","Middlesbrough 018D",-500,0.00134952766531714,0.22
"E01012046","Middlesbrough 013A",-500,0.517543859649123,9.08
"E01012047","Middlesbrough 013B",-500,0.333333333333333,6.29
"E01012048","Middlesbrough 013C",-500,0.697705802968961,14.69
"E01012049","Middlesbrough 014A",-500,0.306342780026991,6.06
"E01012050","Middlesbrough 014B",-500,0.0350877192982456,2.35
"E01012051","Middlesbrough 014C",-500,0.356275303643725,6.63
"E01012052","Middlesbrough 014D",-500,0.252361673414305,5.33
"E01012053","Middlesbrough 009A",-500,0.412955465587045,7.38
"E01012054","Middlesbrough 009B",-500,0.47638326585695,8.27
"E01012055","Middlesbrough 009C",-500,0.665317139001349,13.03
"E01012056","Middlesbrough 009D",-500,0.380566801619433,7.01
"E01012057","Middlesbrough 009E",-500,0.750337381916329,18.25
"E01012058","Middlesbrough 002A",-500,0.587044534412955,11.02
"E01012059","Middlesbrough 002B",-500,0.771929824561403,21.47
"E01012060","Middlesbrough 002C",-500,0.831309041835358,32.22
"E01012061","Middlesbrough 002D",-500,0.863697705802969,41.26
"E01012062","Middlesbrough 020A",-500,0.317139001349528,6.14
"E01012063","Middlesbrough 020B",-500,0.614709851551957,11.74
"E01012064","Middlesbrough 020C",-500,0.666666666666667,13.05
"E01012065","Middlesbrough 017A",-500,0.527665317139001,9.34
"E01012066","Middlesbrough 017B",-500,0.344804318488529,6.43
"E01012067","Middlesbrough 017C",-500,0.379217273954116,7
"E01012068","Middlesbrough 001A",-500,0.978407557354926,280.4
"E01012071","Middlesbrough 020D",-500,0.712550607287449,16.05
"E01012073","Middlesbrough 020E",-500,0.443994601889339,7.78
"E01012074","Middlesbrough 004A",-500,0.724696356275304,16.93
"E01012075","Middlesbrough 004B",-500,0.742240215924426,17.96
"E01012076","Middlesbrough 004C",-500,0.114035087719298,3.67
"E01012077","Middlesbrough 004D",-500,0.0323886639676113,2.33
"E01012078","Middlesbrough 005A",-500,0.670715249662618,13.37
"E01012079","Middlesbrough 005B",-500,0.670715249662618,13.37
"E01012080","Middlesbrough 005C",-500,0.524291497975709,9.26
"E01012081","Middlesbrough 005D",-500,0.552631578947368,9.87
"E01012082","Middlesbrough 010A",-500,0.199730094466937,4.75
"E01012083","Middlesbrough 010B",-500,0.0553306342780027,2.81
"E01012084","Middlesbrough 010C",-500,0.0364372469635627,2.37
"E01012085","Middlesbrough 010D",-500,0.0593792172739541,2.87
"E01012088","Middlesbrough 004E",-500,0.350202429149798,6.49
"E01012089","Middlesbrough 007D",-500,0.579622132253711,10.76
"E01012090","Middlesbrough 007E",-500,0.0175438596491228,1.94
"E01012091","Middlesbrough 007F",-500,0.167341430499325,4.38
"E01012092","Middlesbrough 001D",-500,0.928475033738192,80.53
"E01012093","Middlesbrough 001E",-500,0.0236167341430499,2.09
"E01012094","Middlesbrough 001F",-500,0.917678812415655,72.63
"E01032552","Middlesbrough 018G",-500,0.300944669365722,6.02
"E01032553","Middlesbrough 018H",-500,0.456140350877193,8
"E01032593","Middlesbrough 020F",-500,0.663967611336032,13.01
"E01033468","Middlesbrough 001G",-500,1,911.67
"E01033469","Middlesbrough 006E",-500,0.472334682860999,8.23
"E01012095","Redcar and Cleveland 010A",-500,0.246963562753036,5.26
"E01012096","Redcar and Cleveland 013A",-500,0.450742240215924,7.95
"E01012097","Redcar and Cleveland 010B",-500,0.626180836707153,12.03
"E01012098","Redcar and Cleveland 010C",-500,0.850202429149798,37.89
"E01012099","Redcar and Cleveland 010D",-500,0.383940620782726,7.06
"E01012100","Redcar and Cleveland 001A",-500,0.904183535762483,62.25
"E01012101","Redcar and Cleveland 001B",-500,0.889338731443995,55.04
"E01012102","Redcar and Cleveland 001C",-500,0.773279352226721,21.55
"E01012105","Redcar and Cleveland 002A",-500,0.212550607287449,4.89
"E01012106","Redcar and Cleveland 003C",-500,0.676113360323887,13.71
"E01012107","Redcar and Cleveland 003D",-500,0.973009446693657,222.88
"E01012108","Redcar and Cleveland 011A",-500,0.120782726045884,3.75
"E01012109","Redcar and Cleveland 011B",-500,0.186909581646424,4.55
"E01012110","Redcar and Cleveland 011C",-500,0.302294197031039,6.03
"E01012111","Redcar and Cleveland 011D",-500,0.809716599190283,26.97
"E01012112","Redcar and Cleveland 015A",-500,0.738866396761134,17.57
"E01012113","Redcar and Cleveland 009A",-500,0.0134952766531714,1.7
"E01012114","Redcar and Cleveland 009B",-500,0.392037786774629,7.11
"E01012117","Redcar and Cleveland 018A",-500,0.912280701754386,66.71
"E01012118","Redcar and Cleveland 018B",-500,0.149122807017544,4.04
"E01012119","Redcar and Cleveland 018C",-500,0.811066126855601,27.07
"E01012120","Redcar and Cleveland 020A",-500,0.633603238866397,12.19
"E01012121","Redcar and Cleveland 018D",-500,0.0762483130904184,3.12
"E01012124","Redcar and Cleveland 020B",-500,0.427800269905533,7.56
"E01012127","Redcar and Cleveland 005A",-500,0.684885290148448,14.16
"E01012128","Redcar and Cleveland 005B",-500,0.138326585695007,3.93
"E01012129","Redcar and Cleveland 005C",-500,0.689608636977058,14.43
"E01012130","Redcar and Cleveland 005D",-500,0.684885290148448,14.16
"E01012131","Redcar and Cleveland 005E",-500,0.258434547908232,5.38
"E01012132","Redcar and Cleveland 016A",-500,0.439946018893387,7.69
"E01012134","Redcar and Cleveland 016B",-500,0.92442645074224,78.13
"E01012136","Redcar and Cleveland 013D",-500,0.541160593792173,9.62
"E01012137","Redcar and Cleveland 016C",-500,0.469635627530364,8.13
"E01012138","Redcar and Cleveland 006A",-500,0.738866396761134,17.57
"E01012139","Redcar and Cleveland 006B",-500,0.313090418353576,6.11
"E01012140","Redcar and Cleveland 006C",-500,0.0668016194331984,2.96
"E01012141","Redcar and Cleveland 006D",-500,0.434547908232119,7.62
"E01012142","Redcar and Cleveland 002B",-500,0.58502024291498,10.97
"E01012143","Redcar and Cleveland 002C",-500,0.0519568151147098,2.73
"E01012144","Redcar and Cleveland 002D",-500,0.614709851551957,11.74
"E01012145","Redcar and Cleveland 015B",-500,0.738866396761134,17.57
"E01012146","Redcar and Cleveland 022A",-500,0.188933873144399,4.56
"E01012147","Redcar and Cleveland 015C",-500,0.229419703103914,5.1
"E01012148","Redcar and Cleveland 021A",-500,0.407557354925776,7.29
"E01012149","Redcar and Cleveland 015D",-500,0.161943319838057,4.28
"E01012150","Redcar and Cleveland 021B",-500,0.517543859649123,9.08
"E01012151","Redcar and Cleveland 021C",-500,0.155195681511471,4.16
"E01012152","Redcar and Cleveland 021D",-500,0.708502024291498,15.94
"E01012154","Redcar and Cleveland 006E",-500,0.421052631578947,7.47
"E01012155","Redcar and Cleveland 006F",-500,0.245614035087719,5.24
"E01012156","Redcar and Cleveland 006G",-500,0.126180836707152,3.8
"E01012157","Redcar and Cleveland 006H",-500,0.721997300944669,16.5
"E01012158","Redcar and Cleveland 007A",-500,0.653846153846154,12.79
"E01012159","Redcar and Cleveland 007B",-500,0.65587044534413,12.81
"E01012160","Redcar and Cleveland 007C",-500,0.322537112010796,6.16
"E01012161","Redcar and Cleveland 007D",-500,0.604588394062078,11.6
"E01012162","Redcar and Cleveland 012A",-500,0.062753036437247,2.92
"E01012163","Redcar and Cleveland 012B",-500,0.859649122807018,40.81
"E01012164","Redcar and Cleveland 012C",-500,0.375168690958165,6.9
"E01012165","Redcar and Cleveland 012D",-500,0.61808367071525,11.77
"E01012167","Redcar and Cleveland 022B",-500,0.856950067476383,39.9
"E01012168","Redcar and Cleveland 022C",-500,0.48110661268556,8.36
"E01012170","Redcar and Cleveland 022D",-500,0.86774628879892,44.16
"E01012171","Redcar and Cleveland 011E",-500,0.348178137651822,6.46
"E01012172","Redcar and Cleveland 011F",-500,0.062753036437247,2.92
"E01012173","Redcar and Cleveland 022E",-500,0.58974358974359,11.08
"E01012174","Redcar and Cleveland 022F",-500,0.278002699055331,5.72
"E01012175","Redcar and Cleveland 009E",-500,0.00269905533063428,1.05
"E01012176","Redcar and Cleveland 004A",-500,0.678137651821862,13.78
"E01012177","Redcar and Cleveland 004B",-500,0.138326585695007,3.93
"E01012178","Redcar and Cleveland 004C",-500,0.296896086369771,5.98
"E01012179","Redcar and Cleveland 004D",-500,0.45748987854251,8.04
"E01012180","Redcar and Cleveland 004E",-500,0.311066126855601,6.1
"E01012181","Redcar and Cleveland 016D",-500,0.496626180836707,8.68
"E01012182","Redcar and Cleveland 020C",-500,0.524291497975709,9.26
"E01012183","Redcar and Cleveland 020D",-500,0.299595141700405,6.01
"E01012184","Redcar and Cleveland 001D",-500,0.295546558704453,5.96
"E01012185","Redcar and Cleveland 004F",-500,0.0553306342780027,2.81
"E01012186","Redcar and Cleveland 004G",-500,0.410931174089069,7.37
"E01032548","Redcar and Cleveland 019E",-500,0.554655870445344,9.92
"E01032549","Redcar and Cleveland 019F",-500,0.526315789473684,9.31
"E01032560","Redcar and Cleveland 003E",-500,0.979757085020243,288.68
"E01032561","Redcar and Cleveland 003F",-500,0.921727395411606,76.8
"E01032594","Redcar and Cleveland 021E",-500,0.500674763832659,8.76
"E01033470","Redcar and Cleveland 022G",-500,0.956815114709852,131.47
"E01033471","Redcar and Cleveland 009F",-500,0.766531713900135,20.56
"E01033472","Redcar and Cleveland 019G",-500,0.145748987854251,4.01
"E01033473","Redcar and Cleveland 013E",-500,0.271255060728745,5.6
"E01012187","Stockton-on-Tees 011A",-500,0.711201079622132,16.01
"E01012188","Stockton-on-Tees 011B",-500,0.178812415654521,4.49
"E01012189","Stockton-on-Tees 011C",-500,0.163292847503374,4.3
"E01012190","Stockton-on-Tees 015A",-500,0.178812415654521,4.49
"E01012191","Stockton-on-Tees 015B",-500,0.592442645074224,11.22
"E01012192","Stockton-on-Tees 007A",-500,0.402159244264507,7.24
"E01012193","Stockton-on-Tees 007B",-500,0.360998650472335,6.7
"E01012194","Stockton-on-Tees 010A",-500,0.10863697705803,3.6
"E01012195","Stockton-on-Tees 010B",-500,0.0121457489878543,1.67
"E01012196","Stockton-on-Tees 003A",-500,0.0782726045883941,3.13
"E01012197","Stockton-on-Tees 002A",-500,0.474358974358974,8.26
"E01012198","Stockton-on-Tees 003B",-500,0.998650472334683,689.18
"E01012199","Stockton-on-Tees 021A",-500,0.237516869095816,5.18
"E01012200","Stockton-on-Tees 021B",-500,0.5944669365722,11.23
"E01012201","Stockton-on-Tees 021C",-500,0.816464237516869,28.3
"E01012202","Stockton-on-Tees 021D",-500,0.704453441295547,15.4
"E01012203","Stockton-on-Tees 021E",-500,0.916329284750337,70.86
"E01012204","Stockton-on-Tees 013A",-500,0.549257759784076,9.85
"E01012205","Stockton-on-Tees 011D",-500,0.520917678812416,9.23
"E01012206","Stockton-on-Tees 013B",-500,0.562753036437247,10.09
"E01012207","Stockton-on-Tees 013C",-500,0.762483130904184,20.15
"E01012208","Stockton-on-Tees 013D",-500,0.233468286099865,5.15
"E01012209","Stockton-on-Tees 016A",-500,0.221997300944669,4.95
"E01012210","Stockton-on-Tees 006A",-500,0.354251012145749,6.54
"E01012211","Stockton-on-Tees 006B",-500,0.327260458839406,6.2
"E01012212","Stockton-on-Tees 006C",-500,0.730094466936572,17.23
"E01012213","Stockton-on-Tees 006D",-500,0.403508771929825,7.25
"E01012214","Stockton-on-Tees 003C",-500,0.0445344129554656,2.54
"E01012215","Stockton-on-Tees 003D",-500,0.840755735492578,35.3
"E01012216","Stockton-on-Tees 003E",-500,0.431174089068826,7.6
"E01012217","Stockton-on-Tees 016B",-500,0.550607287449393,9.86
"E01012218","Stockton-on-Tees 016C",-500,0.195006747638327,4.62
"E01012219","Stockton-on-Tees 012A",-500,0.159244264507422,4.21
"E01012223","Stockton-on-Tees 016D",-500,0.601889338731444,11.37
"E01012224","Stockton-on-Tees 015C",-500,0.232118758434548,5.12
"E01012225","Stockton-on-Tees 015D",-500,0.716599190283401,16.29
"E01012226","Stockton-on-Tees 015E",-500,0.205802968960864,4.8
"E01012227","Stockton-on-Tees 023A",-500,0.642375168690958,12.32
"E01012228","Stockton-on-Tees 022A",-500,0.290148448043185,5.87
"E01012230","Stockton-on-Tees 022B",-500,0.294197031039136,5.93
"E01012231","Stockton-on-Tees 023C",-500,0.484480431848853,8.4
"E01012232","Stockton-on-Tees 023D",-500,0.172739541160594,4.43
"E01012233","Stockton-on-Tees 022C",-500,0.800269905533063,25.09
"E01012234","Stockton-on-Tees 023E",-500,0.505398110661269,8.84
"E01012235","Stockton-on-Tees 024A",-500,0.769230769230769,20.9
"E01012236","Stockton-on-Tees 022D",-500,0.534412955465587,9.46
"E01012237","Stockton-on-Tees 022E",-500,0.48582995951417,8.44
"E01012238","Stockton-on-Tees 018A",-500,0.0303643724696356,2.32
"E01012239","Stockton-on-Tees 018B",-500,0.784075573549258,23.21
"E01012240","Stockton-on-Tees 018C",-500,0.285425101214575,5.79
"E01012241","Stockton-on-Tees 018D",-500,0.17476383265857,4.48
"E01012242","Stockton-on-Tees 001A",-500,0.723346828609987,16.68
"E01012243","Stockton-on-Tees 001B",-500,0.10391363022942,3.58
"E01012244","Stockton-on-Tees 001C",-500,0.105937921727395,3.59
"E01012245","Stockton-on-Tees 003F",-500,0.530364372469636,9.36
"E01012246","Stockton-on-Tees 001D",-500,0.152496626180837,4.12
"E01012247","Stockton-on-Tees 008A",-500,0.0161943319838057,1.91
"E01012248","Stockton-on-Tees 009D",-500,0.945344129554656,108.8
"E01012249","Stockton-on-Tees 008B",-500,0.836707152496626,34.71
"E01012250","Stockton-on-Tees 009E",-500,0.576248313090418,10.63
"E01012251","Stockton-on-Tees 012B",-500,0.408906882591093,7.33
"E01012252","Stockton-on-Tees 012C",-500,0.0472334682860999,2.68
"E01012253","Stockton-on-Tees 012D",-500,0.41970310391363,7.46
"E01012254","Stockton-on-Tees 012E",-500,0.985155195681511,366.23
"E01012255","Stockton-on-Tees 005A",-500,0.287449392712551,5.81
"E01012256","Stockton-on-Tees 002B",-500,0.539136302294197,9.57
"E01012257","Stockton-on-Tees 002C",-500,0.195006747638327,4.62
"E01012258","Stockton-on-Tees 010C",-500,0.966261808367072,168.42
"E01012259","Stockton-on-Tees 010D",-500,0.641025641025641,12.29
"E01012260","Stockton-on-Tees 007C",-500,0.805668016194332,26.25
"E01012261","Stockton-on-Tees 007D",-500,0.0607287449392713,2.89
"E01012262","Stockton-on-Tees 014A",-500,0.879892037786775,51.23
"E01012264","Stockton-on-Tees 014C",-500,0.993252361673414,551.41
"E01012266","Stockton-on-Tees 014E",-500,0.977058029689609,275.31
"E01012267","Stockton-on-Tees 014F",-500,0.860998650472335,41.11
"E01012268","Stockton-on-Tees 010E",-500,0.823211875843455,30.5
"E01012269","Stockton-on-Tees 005B",-500,0.851551956815115,38.75
"E01012270","Stockton-on-Tees 021F",-500,0.883940620782726,52.3
"E01012271","Stockton-on-Tees 008C",-500,0.275303643724696,5.68
"E01012272","Stockton-on-Tees 008D",-500,0.0688259109311741,3.02
"E01012273","Stockton-on-Tees 008E",-500,0.0256410256410256,2.19
"E01012274","Stockton-on-Tees 008F",-500,0.0668016194331984,2.96
"E01012275","Stockton-on-Tees 002D",-500,0.358974358974359,6.68
"E01012276","Stockton-on-Tees 002E",-500,0.900134952766532,60.82
"E01012277","Stockton-on-Tees 002F",-500,0.303643724696356,6.04
"E01012278","Stockton-on-Tees 004A",-500,0.901484480431849,61.99
"E01012279","Stockton-on-Tees 004B",-500,0.881241565452092,51.53
"E01012280","Stockton-on-Tees 004C",-500,0.461538461538462,8.06
"E01012281","Stockton-on-Tees 004D",-500,0.268556005398111,5.55
"E01012282","Stockton-on-Tees 020A",-500,0.939271255060729,96.1
"E01012283","Stockton-on-Tees 020B",-500,0.902834008097166,62.15
"E01012284","Stockton-on-Tees 020C",-500,0.93387314439946,86.03
"E01012285","Stockton-on-Tees 020D",-500,0.169365721997301,4.39
"E01012286","Stockton-on-Tees 017A",-500,0.920377867746289,76.51
"E01012287","Stockton-on-Tees 017B",-500,0.995951417004049,653.81
"E01012288","Stockton-on-Tees 017C",-500,0.258434547908232,5.38
"E01012289","Stockton-on-Tees 017D",-500,0.908232118758435,64.48
"E01012290","Stockton-on-Tees 019A",-500,0.624831309041835,12.02
"E01012291","Stockton-on-Tees 019B",-500,0.49527665317139,8.67
"E01012292","Stockton-on-Tees 019C",-500,0.544534412955466,9.8
"E01012294","Stockton-on-Tees 005D",-500,0.582995951417004,10.91
"E01012295","Stockton-on-Tees 005E",-500,0.870445344129555,44.89
"E01012296","Stockton-on-Tees 001E",-500,0.56140350877193,10.05
"E01012297","Stockton-on-Tees 001F",-500,0.645074224021592,12.57
"E01012298","Stockton-on-Tees 024B",-500,0.560053981106613,10
"E01012299","Stockton-on-Tees 024C",-500,0.909581646423752,64.98
"E01012300","Stockton-on-Tees 024D",-500,0.371120107962213,6.83
"E01012301","Stockton-on-Tees 024E",-500,0.431174089068826,7.6
"E01012302","Stockton-on-Tees 024F",-500,0.763832658569501,20.36
"E01012303","Stockton-on-Tees 024G",-500,0.552631578947368,9.87
"E01032542","Stockton-on-Tees 009F",-500,0.272604588394062,5.62
"E01032543","Stockton-on-Tees 009G",-500,0.105937921727395,3.59
"E01032544","Stockton-on-Tees 009H",-500,0.945344129554656,108.8
"E01033474","Stockton-on-Tees 023F",-500,0.846153846153846,37.09
"E01033475","Stockton-on-Tees 023G",-500,0.368421052631579,6.8
"E01033476","Stockton-on-Tees 005F",-500,0.758434547908232,19.84
"E01033477","Stockton-on-Tees 014G",-500,0.941970310391363,103.56
"E01033478","Stockton-on-Tees 023H",-500,0.620782726045884,11.89
"E01033479","Stockton-on-Tees 023I",-500,0.453441295546559,7.98
"E01033480","Stockton-on-Tees 005G",-500,0.968960863697706,180.08
